Abandoned Mine,
Ancient Temple,
Underground Fortress,
Cursed Castle,
Haunted Mansion,
Subterranean City,
Lost Crypt,
Twisted Labyrinth,
Mystic Cave,
Volcanic Lair,
Undersea Ruins,
Alien Spaceship,
Dimensional Rift,
Dark Forest,
Cybernetic Factory,
Demonic Realm,
Dragon's Den,
Elemental Plane,
Enchanted Tower,
Frostbound Peak,
Ghoul-infested Graveyard,
Ghost Ship,
Goblin Hideout,
Haunted Library,
Ice Palace,
Infernal Pit,
Lost Catacomb,
Moon Base,
Orcish Barracks,
Prison Tower,
Robotic Lab,
Spider Nest,
Sunken City,
Vampire Manor,
Witch's Hut,
Zombie Sewers