Standard,
Archipelago World,
Cave World,
Cyberpunk World,
Dark World,
Desert World,
Dream World,
Floating Island World,
Forest World,
Giant Tree World,
Hell World,
Hollow World,
Ice World,
Jungle World,
Lava World,
Living Forest World,
Lush Garden World,
Maelstrom World,
Mountain World,
Nightmare World,
Ocean World,
Post-apocalyptic World,
Prehistoric World,
Primitive World,
Ring World,
Ruins World,
Shadow World,
Spirit World,
Steampunk World,
Swamp World,
Toxic World,
Tundra World,
Twilight World,
Underground World,
Undersea World,
Utopian World,
Void World,
Volcanic World,
Wasteland World,
Worldship World